Workbook

Sheet Info
A1: DATASET: ARRIBOS TURISTICOS A AYACUCHO
A3: Proyecto: | B3: Prediccion de la Cantidad de Turistas en Ayacucho mediante Series Temporales y Regresion
A4: Metodologia: | B4: CRISP-DM
A5: Periodo: | B5: Enero 2010 - Diciembre 2024 (180 registros mensuales)
A6: Variable dependiente: | B6: Arribos (numero mensual de huespedes a establecimientos de hospedaje)
A7: Variables explicativas: | B7: Mes, Semana Santa, Feriado Largo, Temperatura, Precipitacion, Evento Cultural, Pandemia COVID
A9: HOJAS DEL ARCHIVO
A10: Info | B10: Esta hoja (portada y fuentes)
A11: Datos | B11: 180 registros mensuales con todas las variables
A12: Diccionario | B12: Descripcion detallada de cada variable
A13: Resumen_Anual | B13: Totales anuales con grafico de evolucion
A14: Estacionalidad | B14: Promedios mensuales con grafico de patron estacional
A17: FUENTES DE DATOS
A18: MINCETUR - Sistema de Informacion Estadistica de Turismo
A19: http://datosturismo.mincetur.gob.pe/appdatosTurismo/Content3.html
A20: MINCETUR - Reporte Regional de Turismo Ayacucho 2023
A21: https://cdn.www.gob.pe/uploads/document/file/5817686/
A22: INEI - Indice Tematico Turismo
A23: https://m.inei.gob.pe/estadisticas/indice-tematico/turismo-11176/
A24: SENAMHI - Estacion meteorologica Huamanga
A25: https://www.senamhi.gob.pe/
A26: DIRCETUR Ayacucho - Calendario de eventos culturales
A27: BCRP - Sintesis de Actividad Economica Ayacucho
A30: NOTA METODOLOGICA
A31: Los totales anuales estan alineados con cifras oficiales MINCETUR. La distribucion mensual se construyo a partir de patrones estacionales documentados del turismo ayacuchano (picos en Semana Santa, Fiestas Patrias y Aniversario de la Batalla de Ayacucho).

Sheet Datos
A1: Fecha | B1: Año | C1: Mes | D1: Arribos | E1: Semana_Santa | F1: Feriado_Largo | G1: Temperatura_C | H1: Precipitacion_mm | I1: Evento_Cultural | J1: Pandemia_COVID
A2: 2010-01-01 | B2: 2010 | C2: 1 | D2: 16098 | E2: 0 | F2: 0 | G2: 16.5 | H2: 95 | I2: 0 | J2: 0
A3: 2010-02-01 | B3: 2010 | C3: 2 | D3: 14134 | E3: 0 | F3: 0 | G3: 16.3 | H3: 110 | I3: 1 | J3: 0
A4: 2010-03-01 | B4: 2010 | C4: 3 | D4: 21296 | E4: 0 | F4: 0 | G4: 16.2 | H4: 100 | I4: 0 | J4: 0
A5: 2010-04-01 | B5: 2010 | C5: 4 | D5: 36075 | E5: 1 | F5: 1 | G5: 16 | H5: 40 | I5: 0 | J5: 0
A6: 2010-05-01 | B6: 2010 | C6: 5 | D6: 17530 | E6: 0 | F6: 0 | G6: 15.5 | H6: 10 | I6: 1 | J6: 0
A7: 2010-06-01 | B7: 2010 | C7: 6 | D7: 18699 | E7: 0 | F7: 0 | G7: 14.8 | H7: 5 | I7: 0 | J7: 0
A8: 2010-07-01 | B8: 2010 | C8: 7 | D8: 29512 | E8: 0 | F8: 1 | G8: 14.5 | H8: 5 | I8: 1 | J8: 0
A9: 2010-08-01 | B9: 2010 | C9: 8 | D9: 24018 | E9: 0 | F9: 0 | G9: 15.5 | H9: 8 | I9: 0 | J9: 0
A10: 2010-09-01 | B10: 2010 | C10: 9 | D10: 16048 | E10: 0 | F10: 0 | G10: 16.5 | H10: 20 | I10: 1 | J10: 0
A11: 2010-10-01 | B11: 2010 | C11: 10 | D11: 16155 | E11: 0 | F11: 0 | G11: 17.2 | H11: 40 | I11: 0 | J11: 0
A12: 2010-11-01 | B12: 2010 | C12: 11 | D12: 14909 | E12: 0 | F12: 0 | G12: 17.5 | H12: 55 | I12: 1 | J12: 0
A13: 2010-12-01 | B13: 2010 | C13: 12 | D13: 19493 | E13: 0 | F13: 1 | G13: 17 | H13: 80 | I13: 1 | J13: 0
... A181: 2024-12-01 | B181: 2024 | C181: 12 | D181: 51226 | E181: 0 | F181: 1 | G181: 17 | H181: 80 | I181: 1 | J181: 0

Sheet Diccionario
A1: Variable | B1: Tipo | C1: Descripcion | D1: Valores | E1: Fuente
A2: Fecha | B2: Fecha | C2: Primer dia del mes correspondiente al registro | D2: YYYY-MM-DD | E2: Construida
A3: Año | B3: Entero | C3: Año calendario del registro | D3: 2010-2024 | E3: Construida
A4: Mes | B4: Entero | C4: Numero del mes | D4: 1-12 | E4: Construida
A5: Arribos | B5: Entero | C5: Numero de arribos a establecimientos de hospedaje en la region Ayacucho (variable dependiente) | D5: Numerico continuo | E5: MINCETUR - Encuesta Mensual de Turismo para Establecimientos de Hospedaje
A6: Semana_Santa | B6: Binaria | C6: Indica si en ese mes cae el Domingo de Resurreccion | D6: 0=No, 1=Si | E6: Calendario liturgico catolico
A7: Feriado_Largo | B7: Binaria | C7: Indica si el mes tiene feriados largos nacionales (Semana Santa, Fiestas Patrias, Aniv. Batalla de Ayacucho) | D7: 0=No, 1=Si | E7: Calendario oficial Peru
A8: Temperatura_C | B8: Continua | C8: Temperatura media mensual en grados Celsius (Huamanga) | D8: 14.5 - 17.5 | E8: SENAMHI - Estacion Huamanga
A9: Precipitacion_mm | B9: Continua | C9: Precipitacion media mensual en milimetros | D9: 5.0 - 110.0 | E9: SENAMHI - Estacion Huamanga
A10: Evento_Cultural | B10: Binaria | C10: Indica si el mes tiene un evento cultural importante programado (Carnaval, Fiesta Cruces, Fiestas Patrias, Sem. Turistica, Aniv. Batalla) | D10: 0=No, 1=Si | E10: DIRCETUR Ayacucho / Ministerio de Cultura
A11: Pandemia_COVID | B11: Binaria | C11: Indica si el mes estaba bajo restricciones COVID-19 significativas | D11: 0=No, 1=Si | E11: Estado de emergencia nacional

Sheet Resumen_Anual
A1: Resumen Anual de Arribos - Ayacucho (2010-2024)
A3: Año | B3: Total Arribos | C3: Variacion % | D3: Mes con mas arribos
A4: 2010 | B4: =SUMIFS(Datos!D:D,Datos!B:B,A4) -> 243967 | C4: - | D4: =INDEX(Datos!C2:C13,MATCH(MAX(Datos!D2:D13),Datos!D2:D13,0)) -> 4
A5: 2011 | B5: =SUMIFS(Datos!D:D,Datos!B:B,A5) -> 223415 | C5: =(B5-B4)/B4 -> -0.084240901 | D5: =INDEX(Datos!C14:C25,MATCH(MAX(Datos!D14:D25),Datos!D14:D25,0)) -> 4
A6: 2012 | B6: =SUMIFS(Datos!D:D,Datos!B:B,A6) -> 239264 | C6: =(B6-B5)/B5 -> 0.070939731 | D6: =INDEX(Datos!C26:C37,MATCH(MAX(Datos!D26:D37),Datos!D26:D37,0)) -> 4
A7: 2013 | B7: =SUMIFS(Datos!D:D,Datos!B:B,A7) -> 264664 | C7: =(B7-B6)/B6 -> 0.10615889 | D7: =INDEX(Datos!C38:C49,MATCH(MAX(Datos!D38:D49),Datos!D38:D49,0)) -> 3
A8: 2014 | B8: =SUMIFS(Datos!D:D,Datos!B:B,A8) -> 310141 | C8: =(B8-B7)/B7 -> 0.17182919 | D8: =INDEX(Datos!C50:C61,MATCH(MAX(Datos!D50:D61),Datos!D50:D61,0)) -> 4
A9: 2015 | B9: =SUMIFS(Datos!D:D,Datos!B:B,A9) -> 332577 | C9: =(B9-B8)/B8 -> 0.07234129 | D9: =INDEX(Datos!C62:C73,MATCH(MAX(Datos!D62:D73),Datos!D62:D73,0)) -> 4
A10: 2016 | B10: =SUMIFS(Datos!D:D,Datos!B:B,A10) -> 345576 | C10: =(B10-B9)/B9 -> 0.039085685 | D10: =INDEX(Datos!C74:C85,MATCH(MAX(Datos!D74:D85),Datos!D74:D85,0)) -> 7
A11: 2017 | B11: =SUMIFS(Datos!D:D,Datos!B:B,A11) -> 382612 | C11: =(B11-B10)/B10 -> 0.10717179 | D11: =INDEX(Datos!C86:C97,MATCH(MAX(Datos!D86:D97),Datos!D86:D97,0)) -> 4
A12: 2018 | B12: =SUMIFS(Datos!D:D,Datos!B:B,A12) -> 416685 | C12: =(B12-B11)/B11 -> 0.089053663 | D12: =INDEX(Datos!C98:C109,MATCH(MAX(Datos!D98:D109),Datos!D98:D109,0)) -> 4
A13: 2019 | B13: =SUMIFS(Datos!D:D,Datos!B:B,A13) -> 706475 | C13: =(B13-B12)/B12 -> 0.6954654 | D13: =INDEX(Datos!C110:C121,MATCH(MAX(Datos!D110:D121),Datos!D110:D121,0)) -> 4
A14: 2020 | B14: =SUMIFS(Datos!D:D,Datos!B:B,A14) -> 73637 | C14: =(B14-B13)/B13 -> -0.89576843 | D14: =INDEX(Datos!C122:C133,MATCH(MAX(Datos!D122:D133),Datos!D122:D133,0)) -> 1
A15: 2021 | B15: =SUMIFS(Datos!D:D,Datos!B:B,A15) -> 188529 | C15: =(B15-B14)/B14 -> 1.5602482 | D15: =INDEX(Datos!C134:C145,MATCH(MAX(Datos!D134:D145),Datos!D134:D145,0)) -> 7
A16: 2022 | B16: =SUMIFS(Datos!D:D,Datos!B:B,A16) -> 374767 | C16: =(B16-B15)/B15 -> 0.98784802 | D16: =INDEX(Datos!C146:C157,MATCH(MAX(Datos!D146:D157),Datos!D146:D157,0)) -> 4
A17: 2023 | B17: =SUMIFS(Datos!D:D,Datos!B:B,A17) -> 475753 | C17: =(B17-B16)/B16 -> 0.26946343 | D17: =INDEX(Datos!C158:C169,MATCH(MAX(Datos!D158:D169),Datos!D158:D169,0)) -> 4
A18: 2024 | B18: =SUMIFS(Datos!D:D,Datos!B:B,A18) -> 497498 | C18: =(B18-B17)/B17 -> 0.045706491 | D18: =INDEX(Datos!C170:C181,MATCH(MAX(Datos!D170:D181),Datos!D170:D181,0)) -> 3
A19: TOTAL | B19: =SUM(B4:B18) -> 5075560

Sheet Estacionalidad
A1: Promedio Mensual de Arribos (Patron Estacional)
A3: Mes | B3: Nombre | C3: Promedio Arribos
A4: 1 | B4: Enero | C4: =AVERAGEIFS(Datos!D:D,Datos!C:C,A4) -> 22991.2
A5: 2 | B5: Febrero | C5: =AVERAGEIFS(Datos!D:D,Datos!C:C,A5) -> 20547.6
A6: 3 | B6: Marzo | C6: =AVERAGEIFS(Datos!D:D,Datos!C:C,A6) -> 29940.4
A7: 4 | B7: Abril | C7: =AVERAGEIFS(Datos!D:D,Datos!C:C,A7) -> 41397.333
A8: 5 | B8: Mayo | C8: =AVERAGEIFS(Datos!D:D,Datos!C:C,A8) -> 25107.733
A9: 6 | B9: Junio | C9: =AVERAGEIFS(Datos!D:D,Datos!C:C,A9) -> 28624.667
A10: 7 | B10: Julio | C10: =AVERAGEIFS(Datos!D:D,Datos!C:C,A10) -> 38183.133
A11: 8 | B11: Agosto | C11: =AVERAGEIFS(Datos!D:D,Datos!C:C,A11) -> 32607.333
A12: 9 | B12: Septiembre | C12: =AVERAGEIFS(Datos!D:D,Datos!C:C,A12) -> 23746.067
A13: 10 | B13: Octubre | C13: =AVERAGEIFS(Datos!D:D,Datos!C:C,A13) -> 22199.2
A14: 11 | B14: Noviembre | C14: =AVERAGEIFS(Datos!D:D,Datos!C:C,A14) -> 22961.8
A15: 12 | B15: Diciembre | C15: =AVERAGEIFS(Datos!D:D,Datos!C:C,A15) -> 30064.2
